年度,選舉種類,選舉種類名稱,admin_code_system,省市,縣市,選舉區,選舉區_語意,鄉鎮市區,村里,行政區名稱,縣市_正規化,鄉鎮市區_正規化,號次,姓名,政黨代號,政黨名稱,性別,年齡,年齡_原始,現任,當選註記,當選註記語意,當選,當選_依據
1995,L2,立法委員(平地原住民)選舉,1995-2008,00,000,01,無選區意義（全國單一選區）,000,0000,全國,,,1,章仁香,1,中國國民黨,2,,99,N,*,當選,Y,elctks_檔別合計
1995,L2,立法委員(平地原住民)選舉,1995-2008,00,000,01,無選區意義（全國單一選區）,000,0000,全國,,,2,王清堅,99,無,1,,99,N,,未當選,N,elctks_檔別合計
1995,L2,立法委員(平地原住民)選舉,1995-2008,00,000,01,無選區意義（全國單一選區）,000,0000,全國,,,3,莊金生,1,中國國民黨,1,,99,Y,*,當選,Y,elctks_檔別合計
1995,L2,立法委員(平地原住民)選舉,1995-2008,00,000,01,無選區意義（全國單一選區）,000,0000,全國,,,4,林榮元,2,民主進步黨,1,,99,N,,未當選,N,elctks_檔別合計
1995,L2,立法委員(平地原住民)選舉,1995-2008,00,000,01,無選區意義（全國單一選區）,000,0000,全國,,,5,高巍和,1,中國國民黨,1,,99,Y,,未當選,N,elctks_檔別合計
1995,L2,立法委員(平地原住民)選舉,1995-2008,00,000,01,無選區意義（全國單一選區）,000,0000,全國,,,6,連飛雄,99,無,1,,99,N,,未當選,N,elctks_檔別合計
1995,L2,立法委員(平地原住民)選舉,1995-2008,00,000,01,無選區意義（全國單一選區）,000,0000,全國,,,7,蔡中涵,1,中國國民黨,1,,99,Y,*,當選,Y,elctks_檔別合計
1995,L2,立法委員(平地原住民)選舉,1995-2008,00,000,01,無選區意義（全國單一選區）,000,0000,全國,,,8,馬賢生,99,無,1,,99,N,,未當選,N,elctks_檔別合計
1995,L2,立法委員(平地原住民)選舉,1995-2008,00,000,01,無選區意義（全國單一選區）,000,0000,全國,,,9,李景崇,99,無,1,,99,N,,未當選,N,elctks_檔別合計
1995,L3,立法委員(山地原住民)選舉,1995-2008,00,000,01,無選區意義（全國單一選區）,000,0000,全國,,,1,溫梅桂,5,新黨,2,,99,N,,未當選,N,elctks_檔別合計
1995,L3,立法委員(山地原住民)選舉,1995-2008,00,000,01,無選區意義（全國單一選區）,000,0000,全國,,,2,林建二,1,中國國民黨,1,,99,N,,未當選,N,elctks_檔別合計
1995,L3,立法委員(山地原住民)選舉,1995-2008,00,000,01,無選區意義（全國單一選區）,000,0000,全國,,,3,高揚昇,1,中國國民黨,1,,99,N,*,當選,Y,elctks_檔別合計
1995,L3,立法委員(山地原住民)選舉,1995-2008,00,000,01,無選區意義（全國單一選區）,000,0000,全國,,,4,鍾思錦,2,民主進步黨,1,,99,N,,未當選,N,elctks_檔別合計
1995,L3,立法委員(山地原住民)選舉,1995-2008,00,000,01,無選區意義（全國單一選區）,000,0000,全國,,,5,瓦歷斯．貝林,1,中國國民黨,1,,99,Y,*,當選,Y,elctks_檔別合計
1995,L3,立法委員(山地原住民)選舉,1995-2008,00,000,01,無選區意義（全國單一選區）,000,0000,全國,,,6,林清良,1,中國國民黨,1,,99,N,,未當選,N,elctks_檔別合計
1995,L3,立法委員(山地原住民)選舉,1995-2008,00,000,01,無選區意義（全國單一選區）,000,0000,全國,,,7,翁文德,8,中國台灣原住民黨,1,,99,N,,未當選,N,elctks_檔別合計
1995,L3,立法委員(山地原住民)選舉,1995-2008,00,000,01,無選區意義（全國單一選區）,000,0000,全國,,,8,全文盛,1,中國國民黨,1,,99,N,*,當選,Y,elctks_檔別合計
1995,L3,立法委員(山地原住民)選舉,1995-2008,00,000,01,無選區意義（全國單一選區）,000,0000,全國,,,9,馬賴．古麥,1,中國國民黨,1,,99,Y,,未當選,N,elctks_檔別合計
1998,L2,立法委員(平地原住民)選舉,1995-2008,00,000,01,無選區意義（全國單一選區）,000,0000,全國,,,1,莊金生,1,中國國民黨,1,,99,Y,,未當選,N,elctks_檔別合計
1998,L2,立法委員(平地原住民)選舉,1995-2008,00,000,01,無選區意義（全國單一選區）,000,0000,全國,,,2,章仁香,1,中國國民黨,2,,99,Y,*,當選,Y,elctks_檔別合計
1998,L2,立法委員(平地原住民)選舉,1995-2008,00,000,01,無選區意義（全國單一選區）,000,0000,全國,,,3,楊仁福,1,中國國民黨,1,,99,N,*,當選,Y,elctks_檔別合計
1998,L2,立法委員(平地原住民)選舉,1995-2008,00,000,01,無選區意義（全國單一選區）,000,0000,全國,,,4,林正二,1,中國國民黨,1,,99,N,*,當選,Y,elctks_檔別合計
1998,L2,立法委員(平地原住民)選舉,1995-2008,00,000,01,無選區意義（全國單一選區）,000,0000,全國,,,5,馬耀‧谷木,2,民主進步黨,1,,99,N,,未當選,N,elctks_檔別合計
1998,L2,立法委員(平地原住民)選舉,1995-2008,00,000,01,無選區意義（全國單一選區）,000,0000,全國,,,6,蔡中涵,9,全國民主非政黨聯盟,1,,99,Y,*,當選,Y,elctks_檔別合計
1998,L3,立法委員(山地原住民)選舉,1995-2008,00,000,01,無選區意義（全國單一選區）,000,0000,全國,,,1,吳文明,8,中國台灣原住民黨,1,,99,N,,未當選,N,elctks_檔別合計
1998,L3,立法委員(山地原住民)選舉,1995-2008,00,000,01,無選區意義（全國單一選區）,000,0000,全國,,,2,瓦歷斯‧貝林,9,全國民主非政黨聯盟,1,,99,Y,*,當選,Y,elctks_檔別合計
1998,L3,立法委員(山地原住民)選舉,1995-2008,00,000,01,無選區意義（全國單一選區）,000,0000,全國,,,3,羅法尼耀學海,99,無,1,,99,N,,未當選,N,elctks_檔別合計
1998,L3,立法委員(山地原住民)選舉,1995-2008,00,000,01,無選區意義（全國單一選區）,000,0000,全國,,,4,全文盛,1,中國國民黨,1,,99,Y,,未當選,N,elctks_檔別合計
1998,L3,立法委員(山地原住民)選舉,1995-2008,00,000,01,無選區意義（全國單一選區）,000,0000,全國,,,5,尤哈尼‧伊斯卡卡夫特,2,民主進步黨,1,,99,N,,未當選,N,elctks_檔別合計
1998,L3,立法委員(山地原住民)選舉,1995-2008,00,000,01,無選區意義（全國單一選區）,000,0000,全國,,,6,葉神保,6,民主聯盟,1,,99,N,,未當選,N,elctks_檔別合計
1998,L3,立法委員(山地原住民)選舉,1995-2008,00,000,01,無選區意義（全國單一選區）,000,0000,全國,,,7,高揚昇,1,中國國民黨,1,,99,Y,*,當選,Y,elctks_檔別合計
1998,L3,立法委員(山地原住民)選舉,1995-2008,00,000,01,無選區意義（全國單一選區）,000,0000,全國,,,8,曾華德,1,中國國民黨,1,,99,N,*,當選,Y,elctks_檔別合計
1998,L3,立法委員(山地原住民)選舉,1995-2008,00,000,01,無選區意義（全國單一選區）,000,0000,全國,,,9,林春德,1,中國國民黨,1,,99,N,*,當選,Y,elctks_檔別合計
2001,L2,立法委員(平地原住民)選舉,1995-2008,00,000,01,無選區意義（全國單一選區）,000,0000,全國,,,1,章仁香,1,中國國民黨,2,,99,Y,*,當選,Y,elctks_檔別合計
2001,L2,立法委員(平地原住民)選舉,1995-2008,00,000,01,無選區意義（全國單一選區）,000,0000,全國,,,2,莊金生,1,中國國民黨,1,,99,N,,未當選,N,elctks_檔別合計
2001,L2,立法委員(平地原住民)選舉,1995-2008,00,000,01,無選區意義（全國單一選區）,000,0000,全國,,,3,李泰康,99,無,1,,99,N,,未當選,N,elctks_檔別合計
2001,L2,立法委員(平地原住民)選舉,1995-2008,00,000,01,無選區意義（全國單一選區）,000,0000,全國,,,4,楊仁福,1,中國國民黨,1,,99,Y,*,當選,Y,elctks_檔別合計
2001,L2,立法委員(平地原住民)選舉,1995-2008,00,000,01,無選區意義（全國單一選區）,000,0000,全國,,,5,林正二,3,親民黨,1,,99,Y,*,當選,Y,elctks_檔別合計
2001,L2,立法委員(平地原住民)選舉,1995-2008,00,000,01,無選區意義（全國單一選區）,000,0000,全國,,,6,楊德金,3,親民黨,1,,99,N,,未當選,N,elctks_檔別合計
2001,L2,立法委員(平地原住民)選舉,1995-2008,00,000,01,無選區意義（全國單一選區）,000,0000,全國,,,7,楊仁煌,4,台灣團結聯盟,1,,99,N,,未當選,N,elctks_檔別合計
2001,L2,立法委員(平地原住民)選舉,1995-2008,00,000,01,無選區意義（全國單一選區）,000,0000,全國,,,8,廖國棟,1,中國國民黨,1,,99,N,*,當選,Y,elctks_檔別合計
2001,L2,立法委員(平地原住民)選舉,1995-2008,00,000,01,無選區意義（全國單一選區）,000,0000,全國,,,9,陳義信,2,民主進步黨,1,,99,N,,未當選,N,elctks_檔別合計
2001,L3,立法委員(山地原住民)選舉,1995-2008,00,000,01,無選區意義（全國單一選區）,000,0000,全國,,,1,高金素梅,99,無,2,,99,N,*,當選,Y,elctks_檔別合計
2001,L3,立法委員(山地原住民)選舉,1995-2008,00,000,01,無選區意義（全國單一選區）,000,0000,全國,,,2,李文來,3,親民黨,1,,99,N,,未當選,N,elctks_檔別合計
2001,L3,立法委員(山地原住民)選舉,1995-2008,00,000,01,無選區意義（全國單一選區）,000,0000,全國,,,3,何信軍,1,中國國民黨,1,,99,N,,未當選,N,elctks_檔別合計
2001,L3,立法委員(山地原住民)選舉,1995-2008,00,000,01,無選區意義（全國單一選區）,000,0000,全國,,,4,余夢蝶,3,親民黨,1,,99,N,,未當選,N,elctks_檔別合計
2001,L3,立法委員(山地原住民)選舉,1995-2008,00,000,01,無選區意義（全國單一選區）,000,0000,全國,,,5,伊掃魯刀,8,中國台灣原住民黨,1,,99,N,,未當選,N,elctks_檔別合計
2001,L3,立法委員(山地原住民)選舉,1995-2008,00,000,01,無選區意義（全國單一選區）,000,0000,全國,,,6,全文盛,1,中國國民黨,1,,99,N,,未當選,N,elctks_檔別合計
2001,L3,立法委員(山地原住民)選舉,1995-2008,00,000,01,無選區意義（全國單一選區）,000,0000,全國,,,7,瓦歷斯‧貝林,9,台灣吾黨,1,,99,Y,*,當選,Y,elctks_檔別合計
2001,L3,立法委員(山地原住民)選舉,1995-2008,00,000,01,無選區意義（全國單一選區）,000,0000,全國,,,8,高揚昇,1,中國國民黨,1,,99,Y,,未當選,N,elctks_檔別合計
2001,L3,立法委員(山地原住民)選舉,1995-2008,00,000,01,無選區意義（全國單一選區）,000,0000,全國,,,9,林文生,4,台灣團結聯盟,1,,99,N,,未當選,N,elctks_檔別合計
2001,L3,立法委員(山地原住民)選舉,1995-2008,00,000,01,無選區意義（全國單一選區）,000,0000,全國,,,10,林春德,3,親民黨,1,,99,Y,*,當選,Y,elctks_檔別合計
2001,L3,立法委員(山地原住民)選舉,1995-2008,00,000,01,無選區意義（全國單一選區）,000,0000,全國,,,11,巴燕‧達魯,2,民主進步黨,1,,99,N,,未當選,N,elctks_檔別合計
2001,L3,立法委員(山地原住民)選舉,1995-2008,00,000,01,無選區意義（全國單一選區）,000,0000,全國,,,12,曾華德,1,中國國民黨,1,,99,Y,*,當選,Y,elctks_檔別合計
2004,L2,立法委員(平地原住民)選舉,1995-2008,00,000,01,無選區意義（全國單一選區）,000,0000,全國,,,1,楊仁福,1,中國國民黨,1,,99,Y,*,當選,Y,elctks_檔別合計
2004,L2,立法委員(平地原住民)選舉,1995-2008,00,000,01,無選區意義（全國單一選區）,000,0000,全國,,,2,宋進財,7,無黨團結聯盟,1,,99,N,,未當選,N,elctks_檔別合計
2004,L2,立法委員(平地原住民)選舉,1995-2008,00,000,01,無選區意義（全國單一選區）,000,0000,全國,,,3,章賢生,99,無,1,,99,N,,未當選,N,elctks_檔別合計
2004,L2,立法委員(平地原住民)選舉,1995-2008,00,000,01,無選區意義（全國單一選區）,000,0000,全國,,,4,陳瑩,2,民主進步黨,2,,99,N,*,當選,Y,elctks_檔別合計
2004,L2,立法委員(平地原住民)選舉,1995-2008,00,000,01,無選區意義（全國單一選區）,000,0000,全國,,,5,王清堅,7,無黨團結聯盟,1,,99,N,,未當選,N,elctks_檔別合計
2004,L2,立法委員(平地原住民)選舉,1995-2008,00,000,01,無選區意義（全國單一選區）,000,0000,全國,,,6,廖國棟,1,中國國民黨,1,,99,Y,*,當選,Y,elctks_檔別合計
2004,L2,立法委員(平地原住民)選舉,1995-2008,00,000,01,無選區意義（全國單一選區）,000,0000,全國,,,7,楊仁煌,4,台灣團結聯盟,1,,99,N,,未當選,N,elctks_檔別合計
2004,L2,立法委員(平地原住民)選舉,1995-2008,00,000,01,無選區意義（全國單一選區）,000,0000,全國,,,8,蔡中涵,3,親民黨,1,,99,Y,,未當選,N,elctks_檔別合計
2004,L2,立法委員(平地原住民)選舉,1995-2008,00,000,01,無選區意義（全國單一選區）,000,0000,全國,,,9,林正二,3,親民黨,1,,99,Y,*,當選,Y,elctks_檔別合計
2004,L3,立法委員(山地原住民)選舉,1995-2008,00,000,01,無選區意義（全國單一選區）,000,0000,全國,,,1,瓦歷斯．貝林,7,無黨團結聯盟,1,,99,Y,,未當選,N,elctks_檔別合計
2004,L3,立法委員(山地原住民)選舉,1995-2008,00,000,01,無選區意義（全國單一選區）,000,0000,全國,,,2,曾華德,1,中國國民黨,1,,99,Y,*,當選,Y,elctks_檔別合計
2004,L3,立法委員(山地原住民)選舉,1995-2008,00,000,01,無選區意義（全國單一選區）,000,0000,全國,,,3,李秀琴,99,無,2,,99,N,,未當選,N,elctks_檔別合計
2004,L3,立法委員(山地原住民)選舉,1995-2008,00,000,01,無選區意義（全國單一選區）,000,0000,全國,,,4,伍新國,99,無,1,,99,N,,未當選,N,elctks_檔別合計
2004,L3,立法委員(山地原住民)選舉,1995-2008,00,000,01,無選區意義（全國單一選區）,000,0000,全國,,,5,高金素梅,7,無黨團結聯盟,2,,99,Y,*,當選,Y,elctks_檔別合計
2004,L3,立法委員(山地原住民)選舉,1995-2008,00,000,01,無選區意義（全國單一選區）,000,0000,全國,,,6,陳道明,2,民主進步黨,1,,99,Y,,未當選,N,elctks_檔別合計
2004,L3,立法委員(山地原住民)選舉,1995-2008,00,000,01,無選區意義（全國單一選區）,000,0000,全國,,,7,孔文吉,1,中國國民黨,1,,99,N,*,當選,Y,elctks_檔別合計
2004,L3,立法委員(山地原住民)選舉,1995-2008,00,000,01,無選區意義（全國單一選區）,000,0000,全國,,,8,林文生,4,台灣團結聯盟,1,,99,N,,未當選,N,elctks_檔別合計
2004,L3,立法委員(山地原住民)選舉,1995-2008,00,000,01,無選區意義（全國單一選區）,000,0000,全國,,,9,林春德,3,親民黨,1,,99,Y,*,當選,Y,elctks_檔別合計
2008,L2,立法委員(平地原住民)選舉,1995-2008,00,000,01,無選區意義（全國單一選區）,000,0000,全國,,,1,林正二,90,親民黨,1,57,57,Y,*,當選,Y,elctks_檔別合計
2008,L2,立法委員(平地原住民)選舉,1995-2008,00,000,01,無選區意義（全國單一選區）,000,0000,全國,,,2,廖國棟,1,中國國民黨,1,54,54,Y,*,當選,Y,elctks_檔別合計
2008,L2,立法委員(平地原住民)選舉,1995-2008,00,000,01,無選區意義（全國單一選區）,000,0000,全國,,,3,宋進財,999,無黨籍及未經政黨推薦,1,58,58,N,,未當選,N,elctks_檔別合計
2008,L2,立法委員(平地原住民)選舉,1995-2008,00,000,01,無選區意義（全國單一選區）,000,0000,全國,,,4,陳秀惠,16,民主進步黨,2,46,46,Y,,未當選,N,elctks_檔別合計
2008,L2,立法委員(平地原住民)選舉,1995-2008,00,000,01,無選區意義（全國單一選區）,000,0000,全國,,,5,楊仁福,1,中國國民黨,1,66,66,Y,*,當選,Y,elctks_檔別合計
2008,L3,立法委員(山地原住民)選舉,1995-2008,00,000,01,無選區意義（全國單一選區）,000,0000,全國,,,1,薛宜蓁,73,公民黨,2,29,29,N,,未當選,N,elctks_檔別合計
2008,L3,立法委員(山地原住民)選舉,1995-2008,00,000,01,無選區意義（全國單一選區）,000,0000,全國,,,2,孔文吉,1,中國國民黨,1,51,51,Y,*,當選,Y,elctks_檔別合計
2008,L3,立法委員(山地原住民)選舉,1995-2008,00,000,01,無選區意義（全國單一選區）,000,0000,全國,,,3,簡東明,1,中國國民黨,1,57,57,N,*,當選,Y,elctks_檔別合計
2008,L3,立法委員(山地原住民)選舉,1995-2008,00,000,01,無選區意義（全國單一選區）,000,0000,全國,,,4,侯金助,16,民主進步黨,1,52,52,N,,未當選,N,elctks_檔別合計
2008,L3,立法委員(山地原住民)選舉,1995-2008,00,000,01,無選區意義（全國單一選區）,000,0000,全國,,,5,高金素梅,106,無黨團結聯盟,2,43,43,Y,*,當選,Y,elctks_檔別合計
2008,L3,立法委員(山地原住民)選舉,1995-2008,00,000,01,無選區意義（全國單一選區）,000,0000,全國,,,6,林春德,90,親民黨,1,61,61,Y,,未當選,N,elctks_檔別合計
2008,L3,立法委員(山地原住民)選舉,1995-2008,00,000,01,無選區意義（全國單一選區）,000,0000,全國,,,7,宋仁和,134,制憲聯盟,1,55,55,N,,未當選,N,elctks_檔別合計
2012,L2,立法委員(平地原住民)選舉,2012,00,000,01,無選區意義（全國單一選區）,000,0000,全國,,,1,廖國棟,1,中國國民黨,1,57,57,Y,*,當選,Y,elctks_檔別合計
2012,L2,立法委員(平地原住民)選舉,2012,00,000,01,無選區意義（全國單一選區）,000,0000,全國,,,2,洪國治,999,無黨籍及未經政黨推薦,1,50,50,N,,未當選,N,elctks_檔別合計
2012,L2,立法委員(平地原住民)選舉,2012,00,000,01,無選區意義（全國單一選區）,000,0000,全國,,,3,忠仁．達祿斯,999,無黨籍及未經政黨推薦,1,51,51,N,,未當選,N,elctks_檔別合計
2012,L2,立法委員(平地原住民)選舉,2012,00,000,01,無選區意義（全國單一選區）,000,0000,全國,,,4,林金瑛,195,中華民國臺灣基本法連線,2,68,68,N,,未當選,N,elctks_檔別合計
2012,L2,立法委員(平地原住民)選舉,2012,00,000,01,無選區意義（全國單一選區）,000,0000,全國,,,5,詹金福,999,無黨籍及未經政黨推薦,1,63,63,N,,未當選,N,elctks_檔別合計
2012,L2,立法委員(平地原住民)選舉,2012,00,000,01,無選區意義（全國單一選區）,000,0000,全國,,,6,林正二,90,親民黨,1,60,60,Y,*,當選,Y,elctks_檔別合計
2012,L2,立法委員(平地原住民)選舉,2012,00,000,01,無選區意義（全國單一選區）,000,0000,全國,,,7,陳連順,166,台灣主義黨,1,55,55,N,,未當選,N,elctks_檔別合計
2012,L2,立法委員(平地原住民)選舉,2012,00,000,01,無選區意義（全國單一選區）,000,0000,全國,,,8,馬躍‧比吼 Mayaw‧Biho,999,無黨籍及未經政黨推薦,1,43,43,N,,未當選,N,elctks_檔別合計
2012,L2,立法委員(平地原住民)選舉,2012,00,000,01,無選區意義（全國單一選區）,000,0000,全國,,,9,鄭天財 Sra．Kacaw,1,中國國民黨,1,56,56,N,*,當選,Y,elctks_檔別合計
2012,L2,立法委員(平地原住民)選舉,2012,00,000,01,無選區意義（全國單一選區）,000,0000,全國,,,10,笛布斯．顗賚,999,無黨籍及未經政黨推薦,2,40,40,N,,未當選,N,elctks_檔別合計
2012,L3,立法委員(山地原住民)選舉,2012,00,000,01,無選區意義（全國單一選區）,000,0000,全國,,,1,曾智勇,16,民主進步黨,1,50,50,N,,未當選,N,elctks_檔別合計
2012,L3,立法委員(山地原住民)選舉,2012,00,000,01,無選區意義（全國單一選區）,000,0000,全國,,,2,高金素梅,106,無黨團結聯盟,2,47,47,Y,*,當選,Y,elctks_檔別合計
2012,L3,立法委員(山地原住民)選舉,2012,00,000,01,無選區意義（全國單一選區）,000,0000,全國,,,3,邱文生,999,無黨籍及未經政黨推薦,1,62,62,N,,未當選,N,elctks_檔別合計
2012,L3,立法委員(山地原住民)選舉,2012,00,000,01,無選區意義（全國單一選區）,000,0000,全國,,,4,孔文吉,1,中國國民黨,1,55,55,Y,*,當選,Y,elctks_檔別合計
2012,L3,立法委員(山地原住民)選舉,2012,00,000,01,無選區意義（全國單一選區）,000,0000,全國,,,5,瓦歷斯‧貝林 Walis‧Perin,90,親民黨,1,60,60,N,,未當選,N,elctks_檔別合計
2012,L3,立法委員(山地原住民)選舉,2012,00,000,01,無選區意義（全國單一選區）,000,0000,全國,,,6,簡東明 Uliw．Qaljupayare,1,中國國民黨,1,61,61,Y,*,當選,Y,elctks_檔別合計
2016,L2,立法委員(平地原住民)選舉,2016+,00,000,01,無選區意義（全國單一選區）,000,0000,全國,,,1,達摩．阿雄,999,無黨籍及未經政黨推薦,1,52,52,N,,未當選,N,elctks_檔別合計
2016,L2,立法委員(平地原住民)選舉,2016+,00,000,01,無選區意義（全國單一選區）,000,0000,全國,,,2,達佶祐‧卡造 Takiyo‧Kacaw,258,軍公教聯盟黨,1,46,46,N,,未當選,N,elctks_檔別合計
2016,L2,立法委員(平地原住民)選舉,2016+,00,000,01,無選區意義（全國單一選區）,000,0000,全國,,,3,林昊宜,90,親民黨,2,33,33,N,,未當選,N,elctks_檔別合計
2016,L2,立法委員(平地原住民)選舉,2016+,00,000,01,無選區意義（全國單一選區）,000,0000,全國,,,4,鄭天財 Sra．Kacaw,1,中國國民黨,1,59,59,Y,*,當選,Y,elctks_檔別合計
2016,L2,立法委員(平地原住民)選舉,2016+,00,000,01,無選區意義（全國單一選區）,000,0000,全國,,,5,馬躍‧比吼 Mayaw‧Biho,999,無黨籍及未經政黨推薦,1,46,46,N,,未當選,N,elctks_檔別合計
2016,L2,立法委員(平地原住民)選舉,2016+,00,000,01,無選區意義（全國單一選區）,000,0000,全國,,,6,柯荏耀,999,無黨籍及未經政黨推薦,1,37,37,N,,未當選,N,elctks_檔別合計
2016,L2,立法委員(平地原住民)選舉,2016+,00,000,01,無選區意義（全國單一選區）,000,0000,全國,,,7,林光義,234,台灣第一民族黨,1,54,54,N,,未當選,N,elctks_檔別合計
2016,L2,立法委員(平地原住民)選舉,2016+,00,000,01,無選區意義（全國單一選區）,000,0000,全國,,,8,吳國譽 Rahic Amind,268,民國黨,1,34,34,N,,未當選,N,elctks_檔別合計
2016,L2,立法委員(平地原住民)選舉,2016+,00,000,01,無選區意義（全國單一選區）,000,0000,全國,,,9,林金瑛,189,健保免費連線,2,71,71,N,,未當選,N,elctks_檔別合計
2016,L2,立法委員(平地原住民)選舉,2016+,00,000,01,無選區意義（全國單一選區）,000,0000,全國,,,10,林琮翰,1,中國國民黨,1,46,46,N,,未當選,N,elctks_檔別合計
2016,L2,立法委員(平地原住民)選舉,2016+,00,000,01,無選區意義（全國單一選區）,000,0000,全國,,,11,陳瑩,16,民主進步黨,2,43,43,N,*,當選,Y,elctks_檔別合計
2016,L2,立法委員(平地原住民)選舉,2016+,00,000,01,無選區意義（全國單一選區）,000,0000,全國,,,12,嘎礌‧武拜‧哈雅萬 Galahe‧Wubai‧Hayawan,999,無黨籍及未經政黨推薦,1,41,41,N,,未當選,N,elctks_檔別合計
2016,L2,立法委員(平地原住民)選舉,2016+,00,000,01,無選區意義（全國單一選區）,000,0000,全國,,,13,廖國棟 Sufin．Siluko,1,中國國民黨,1,61,61,Y,*,當選,Y,elctks_檔別合計
2016,L3,立法委員(山地原住民)選舉,2016+,00,000,01,無選區意義（全國單一選區）,000,0000,全國,,,1,林世偉,999,無黨籍及未經政黨推薦,1,49,49,N,,未當選,N,elctks_檔別合計
2016,L3,立法委員(山地原住民)選舉,2016+,00,000,01,無選區意義（全國單一選區）,000,0000,全國,,,2,尤命‧蘇樣,251,中國生產黨,1,53,53,N,,未當選,N,elctks_檔別合計
2016,L3,立法委員(山地原住民)選舉,2016+,00,000,01,無選區意義（全國單一選區）,000,0000,全國,,,3,曾華德,999,無黨籍及未經政黨推薦,1,62,62,N,,未當選,N,elctks_檔別合計
2016,L3,立法委員(山地原住民)選舉,2016+,00,000,01,無選區意義（全國單一選區）,000,0000,全國,,,4,瓦歷斯‧貝林 Walis‧Perin,16,民主進步黨,1,63,63,N,,未當選,N,elctks_檔別合計
2016,L3,立法委員(山地原住民)選舉,2016+,00,000,01,無選區意義（全國單一選區）,000,0000,全國,,,5,伊藍．明基努安,283,信心希望聯盟,1,45,45,N,,未當選,N,elctks_檔別合計
2016,L3,立法委員(山地原住民)選舉,2016+,00,000,01,無選區意義（全國單一選區）,000,0000,全國,,,6,孔文吉,1,中國國民黨,1,58,58,Y,*,當選,Y,elctks_檔別合計
2016,L3,立法委員(山地原住民)選舉,2016+,00,000,01,無選區意義（全國單一選區）,000,0000,全國,,,7,簡東明 Uliw．Qaljupayare,1,中國國民黨,1,64,64,Y,*,當選,Y,elctks_檔別合計
2016,L3,立法委員(山地原住民)選舉,2016+,00,000,01,無選區意義（全國單一選區）,000,0000,全國,,,8,全承威,273,台灣獨立黨,1,27,27,N,,未當選,N,elctks_檔別合計
2016,L3,立法委員(山地原住民)選舉,2016+,00,000,01,無選區意義（全國單一選區）,000,0000,全國,,,9,林信義,283,信心希望聯盟,1,64,64,N,,未當選,N,elctks_檔別合計
2016,L3,立法委員(山地原住民)選舉,2016+,00,000,01,無選區意義（全國單一選區）,000,0000,全國,,,10,高金素梅,106,無黨團結聯盟,2,50,50,Y,*,當選,Y,elctks_檔別合計
2020,L2,立法委員(平地原住民)選舉,2016+,00,000,01,無選區意義（全國單一選區）,000,0000,全國,,,1,鄭天財Sra．Kacaw,1,中國國民黨,1,63,63,Y,*,當選,Y,elctks_檔別合計
2020,L2,立法委員(平地原住民)選舉,2016+,00,000,01,無選區意義（全國單一選區）,000,0000,全國,,,2,巫化．巴阿立佑司,348,喜樂島聯盟,2,54,54,N,,未當選,N,elctks_檔別合計
2020,L2,立法委員(平地原住民)選舉,2016+,00,000,01,無選區意義（全國單一選區）,000,0000,全國,,,3,黃仁,1,中國國民黨,1,57,57,N,,未當選,N,elctks_檔別合計
2020,L2,立法委員(平地原住民)選舉,2016+,00,000,01,無選區意義（全國單一選區）,000,0000,全國,,,4,高潞．以用．巴魕剌Kawlo．Iyun．Pacidal,356,台灣維新,2,42,42,N,,未當選,N,elctks_檔別合計
2020,L2,立法委員(平地原住民)選舉,2016+,00,000,01,無選區意義（全國單一選區）,000,0000,全國,,,5,曾美華,346,安定力量,2,44,44,N,,未當選,N,elctks_檔別合計
2020,L2,立法委員(平地原住民)選舉,2016+,00,000,01,無選區意義（全國單一選區）,000,0000,全國,,,6,楊進福,999,無黨籍及未經政黨推薦,1,62,62,N,,未當選,N,elctks_檔別合計
2020,L2,立法委員(平地原住民)選舉,2016+,00,000,01,無選區意義（全國單一選區）,000,0000,全國,,,7,達佶祐．卡造Takiyo．Kacaw,342,合一行動聯盟,1,50,50,N,,未當選,N,elctks_檔別合計
2020,L2,立法委員(平地原住民)選舉,2016+,00,000,01,無選區意義（全國單一選區）,000,0000,全國,,,8,張寶美Ungo．Panay,342,合一行動聯盟,2,53,53,N,,未當選,N,elctks_檔別合計
2020,L2,立法委員(平地原住民)選舉,2016+,00,000,01,無選區意義（全國單一選區）,000,0000,全國,,,9,陳瑩,16,民主進步黨,2,47,47,Y,*,當選,Y,elctks_檔別合計
2020,L2,立法委員(平地原住民)選舉,2016+,00,000,01,無選區意義（全國單一選區）,000,0000,全國,,,10,廖國棟Sufin．Siluko,1,中國國民黨,1,64,64,Y,*,當選,Y,elctks_檔別合計
2020,L3,立法委員(山地原住民)選舉,2016+,00,000,01,無選區意義（全國單一選區）,000,0000,全國,,,1,伍麗華Saidhai．Tahovecahe,16,民主進步黨,2,50,50,N,*,當選,Y,elctks_檔別合計
2020,L3,立法委員(山地原住民)選舉,2016+,00,000,01,無選區意義（全國單一選區）,000,0000,全國,,,2,林曉婷,999,無黨籍及未經政黨推薦,2,42,42,N,,未當選,N,elctks_檔別合計
2020,L3,立法委員(山地原住民)選舉,2016+,00,000,01,無選區意義（全國單一選區）,000,0000,全國,,,3,高畹芯,348,喜樂島聯盟,2,60,60,N,,未當選,N,elctks_檔別合計
2020,L3,立法委員(山地原住民)選舉,2016+,00,000,01,無選區意義（全國單一選區）,000,0000,全國,,,4,高金素梅,999,無黨籍及未經政黨推薦,2,54,54,Y,*,當選,Y,elctks_檔別合計
2020,L3,立法委員(山地原住民)選舉,2016+,00,000,01,無選區意義（全國單一選區）,000,0000,全國,,,5,張曜羣Lawpaw Buya,79,綠黨,1,38,38,N,,未當選,N,elctks_檔別合計
2020,L3,立法委員(山地原住民)選舉,2016+,00,000,01,無選區意義（全國單一選區）,000,0000,全國,,,6,撒卡伊,355,台澎黨,1,68,68,N,,未當選,N,elctks_檔別合計
2020,L3,立法委員(山地原住民)選舉,2016+,00,000,01,無選區意義（全國單一選區）,000,0000,全國,,,7,伊斯坦大．貝雅夫．正福Istanda．Paingav,999,無黨籍及未經政黨推薦,1,63,63,N,,未當選,N,elctks_檔別合計
2020,L3,立法委員(山地原住民)選舉,2016+,00,000,01,無選區意義（全國單一選區）,000,0000,全國,,,8,章正輝Lemaljiz．Kusaza,1,中國國民黨,1,56,56,N,,未當選,N,elctks_檔別合計
2020,L3,立法委員(山地原住民)選舉,2016+,00,000,01,無選區意義（全國單一選區）,000,0000,全國,,,9,錢宥均,346,安定力量,1,38,38,N,,未當選,N,elctks_檔別合計
2020,L3,立法委員(山地原住民)選舉,2016+,00,000,01,無選區意義（全國單一選區）,000,0000,全國,,,10,孔文吉,1,中國國民黨,1,62,62,Y,*,當選,Y,elctks_檔別合計
2020,L3,立法委員(山地原住民)選舉,2016+,00,000,01,無選區意義（全國單一選區）,000,0000,全國,,,11,林信義,999,無黨籍及未經政黨推薦,1,68,68,N,,未當選,N,elctks_檔別合計
2024,L2,立法委員(平地原住民)選舉,2016+,00,000,01,無選區意義（全國單一選區）,000,0000,全國,,,1,高美珠,999,無黨籍及未經政黨推薦,2,53,53,N,,未當選,N,elctks_檔別合計
2024,L2,立法委員(平地原住民)選舉,2016+,00,000,01,無選區意義（全國單一選區）,000,0000,全國,,,2,陳瑩,16,民主進步黨,2,51,51,Y,*,當選,Y,elctks_檔別合計
2024,L2,立法委員(平地原住民)選舉,2016+,00,000,01,無選區意義（全國單一選區）,000,0000,全國,,,3,陳國榮,356,台灣維新,1,61,61,N,,未當選,N,elctks_檔別合計
2024,L2,立法委員(平地原住民)選舉,2016+,00,000,01,無選區意義（全國單一選區）,000,0000,全國,,,4,陳政宗,999,無黨籍及未經政黨推薦,1,50,50,N,,未當選,N,elctks_檔別合計
2024,L2,立法委員(平地原住民)選舉,2016+,00,000,01,無選區意義（全國單一選區）,000,0000,全國,,,5,忠仁．達祿斯,999,無黨籍及未經政黨推薦,1,62,62,N,,未當選,N,elctks_檔別合計
2024,L2,立法委員(平地原住民)選舉,2016+,00,000,01,無選區意義（全國單一選區）,000,0000,全國,,,6,吳建智咖啡哥,999,無黨籍及未經政黨推薦,1,41,41,N,,未當選,N,elctks_檔別合計
2024,L2,立法委員(平地原住民)選舉,2016+,00,000,01,無選區意義（全國單一選區）,000,0000,全國,,,7,黃仁,1,中國國民黨,1,61,61,N,*,當選,Y,elctks_檔別合計
2024,L2,立法委員(平地原住民)選舉,2016+,00,000,01,無選區意義（全國單一選區）,000,0000,全國,,,8,米甘幹．理佛克,74,新黨,1,66,66,N,,未當選,N,elctks_檔別合計
2024,L2,立法委員(平地原住民)選舉,2016+,00,000,01,無選區意義（全國單一選區）,000,0000,全國,,,9,鄭天財 Sra‧Kacaw,1,中國國民黨,1,67,67,Y,*,當選,Y,elctks_檔別合計
2024,L3,立法委員(山地原住民)選舉,2016+,00,000,01,無選區意義（全國單一選區）,000,0000,全國,,,1,林世偉,999,無黨籍及未經政黨推薦,1,56,56,N,,未當選,N,elctks_檔別合計
2024,L3,立法委員(山地原住民)選舉,2016+,00,000,01,無選區意義（全國單一選區）,000,0000,全國,,,2,李我要單列族名我的布農族名字是Savungaz Valincinan,999,無黨籍及未經政黨推薦,2,36,36,N,,未當選,N,elctks_檔別合計
2024,L3,立法委員(山地原住民)選舉,2016+,00,000,01,無選區意義（全國單一選區）,000,0000,全國,,,3,盧縣一,1,中國國民黨,1,55,55,N,*,當選,Y,elctks_檔別合計
2024,L3,立法委員(山地原住民)選舉,2016+,00,000,01,無選區意義（全國單一選區）,000,0000,全國,,,4,林果,999,無黨籍及未經政黨推薦,2,46,46,N,,未當選,N,elctks_檔別合計
2024,L3,立法委員(山地原住民)選舉,2016+,00,000,01,無選區意義（全國單一選區）,000,0000,全國,,,5,張子孝,999,無黨籍及未經政黨推薦,1,63,63,N,,未當選,N,elctks_檔別合計
2024,L3,立法委員(山地原住民)選舉,2016+,00,000,01,無選區意義（全國單一選區）,000,0000,全國,,,6,胡黃廣文,350,台灣民眾黨,1,54,54,N,,未當選,N,elctks_檔別合計
2024,L3,立法委員(山地原住民)選舉,2016+,00,000,01,無選區意義（全國單一選區）,000,0000,全國,,,7,高畹芯,382,司法改革黨,2,64,64,N,,未當選,N,elctks_檔別合計
2024,L3,立法委員(山地原住民)選舉,2016+,00,000,01,無選區意義（全國單一選區）,000,0000,全國,,,8,高金素梅,999,無黨籍及未經政黨推薦,2,58,58,Y,*,當選,Y,elctks_檔別合計
2024,L3,立法委員(山地原住民)選舉,2016+,00,000,01,無選區意義（全國單一選區）,000,0000,全國,,,9,孔文吉,1,中國國民黨,1,66,66,Y,,未當選,N,elctks_檔別合計
2024,L3,立法委員(山地原住民)選舉,2016+,00,000,01,無選區意義（全國單一選區）,000,0000,全國,,,10,伍麗華 Saidhai．Tahovecahe,16,民主進步黨,2,54,54,Y,*,當選,Y,elctks_檔別合計
