屆別,門檻,政黨代號,政黨名稱,所數,涵蓋原住民選舉人,涵蓋率,p_加權,q_加權,有效政黨票,觀察_得票數,觀察_得票率,下界_原住民得票率,上界_原住民得票率
2008,0.95,1,中國國民黨,60,26025,0.0805547989,0.9650326313,0.9813404679,13662,11775,0.8618796662,0.8592534005,0.8782677312
2008,0.95,16,民主進步黨,60,26025,0.0805547989,0.9650326313,0.9813404679,13662,1010,0.0739276826,0.0563190374,0.0753333680
2008,0.95,95,台灣團結聯盟,60,26025,0.0805547989,0.9650326313,0.9813404679,13662,204,0.0149319280,0.0000000000,0.0152158486
2008,0.95,74,新黨,60,26025,0.0805547989,0.9650326313,0.9813404679,13662,167,0.0122236861,0.0000000000,0.0124561113
2008,0.95,106,無黨團結聯盟,60,26025,0.0805547989,0.9650326313,0.9813404679,13662,114,0.0083443127,0.0000000000,0.0085029742
2008,0.95,128,台灣農民黨,60,26025,0.0805547989,0.9650326313,0.9813404679,13662,86,0.0062948324,0.0000000000,0.0064145244
2008,0.95,134,制憲聯盟,60,26025,0.0805547989,0.9650326313,0.9813404679,13662,83,0.0060752452,0.0000000000,0.0061907619
2008,0.95,133,紅黨,60,26025,0.0805547989,0.9650326313,0.9813404679,13662,70,0.0051237008,0.0000000000,0.0052211245
2008,0.95,130,第三社會黨,60,26025,0.0805547989,0.9650326313,0.9813404679,13662,61,0.0044649392,0.0000000000,0.0045498371
2008,0.95,79,綠黨,60,26025,0.0805547989,0.9650326313,0.9813404679,13662,43,0.0031474162,0.0000000000,0.0032072622
2008,0.95,73,公民黨,60,26025,0.0805547989,0.9650326313,0.9813404679,13662,40,0.0029278290,0.0000000000,0.0029834997
2008,0.95,121,客家黨,60,26025,0.0805547989,0.9650326313,0.9813404679,13662,9,0.0006587615,0.0000000000,0.0006712874
2008,0.90,1,中國國民黨,155,75921,0.2349971523,0.9403029440,0.9726149865,39902,34361,0.8611347802,0.8572248817,0.8853809495
2008,0.90,16,民主進步黨,155,75921,0.2349971523,0.9403029440,0.9726149865,39902,2800,0.0701719212,0.0439916188,0.0721476866
2008,0.90,95,台灣團結聯盟,155,75921,0.2349971523,0.9403029440,0.9726149865,39902,613,0.0153626385,0.0000000000,0.0157951900
2008,0.90,74,新黨,155,75921,0.2349971523,0.9403029440,0.9726149865,39902,564,0.0141346298,0.0000000000,0.0145326054
2008,0.90,106,無黨團結聯盟,155,75921,0.2349971523,0.9403029440,0.9726149865,39902,429,0.0107513408,0.0000000000,0.0110540563
2008,0.90,133,紅黨,155,75921,0.2349971523,0.9403029440,0.9726149865,39902,218,0.0054633853,0.0000000000,0.0056172127
2008,0.90,134,制憲聯盟,155,75921,0.2349971523,0.9403029440,0.9726149865,39902,217,0.0054383239,0.0000000000,0.0055914457
2008,0.90,128,台灣農民黨,155,75921,0.2349971523,0.9403029440,0.9726149865,39902,190,0.0047616661,0.0000000000,0.0048957359
2008,0.90,130,第三社會黨,155,75921,0.2349971523,0.9403029440,0.9726149865,39902,158,0.0039597013,0.0000000000,0.0040711909
2008,0.90,73,公民黨,155,75921,0.2349971523,0.9403029440,0.9726149865,39902,155,0.0038845171,0.0000000000,0.0039938898
2008,0.90,79,綠黨,155,75921,0.2349971523,0.9403029440,0.9726149865,39902,125,0.0031326751,0.0000000000,0.0032208789
2008,0.90,121,客家黨,155,75921,0.2349971523,0.9403029440,0.9726149865,39902,72,0.0018044208,0.0000000000,0.0018552262
2008,0.80,1,中國國民黨,219,108262,0.3351017730,0.9139967412,0.9480889997,57132,48952,0.8568227963,0.8489833721,0.9037366710
2008,0.80,16,民主進步黨,219,108262,0.3351017730,0.9139967412,0.9480889997,57132,4165,0.0729013513,0.0221396419,0.0768929407
2008,0.80,95,台灣團結聯盟,219,108262,0.3351017730,0.9139967412,0.9480889997,57132,906,0.0158580130,0.0000000000,0.0167262915
2008,0.80,74,新黨,219,108262,0.3351017730,0.9139967412,0.9480889997,57132,792,0.0138626339,0.0000000000,0.0146216588
2008,0.80,106,無黨團結聯盟,219,108262,0.3351017730,0.9139967412,0.9480889997,57132,603,0.0105545054,0.0000000000,0.0111323993
2008,0.80,134,制憲聯盟,219,108262,0.3351017730,0.9139967412,0.9480889997,57132,355,0.0062136806,0.0000000000,0.0065539001
2008,0.80,133,紅黨,219,108262,0.3351017730,0.9139967412,0.9480889997,57132,336,0.0058811174,0.0000000000,0.0062031280
2008,0.80,128,台灣農民黨,219,108262,0.3351017730,0.9139967412,0.9480889997,57132,284,0.0049709445,0.0000000000,0.0052431201
2008,0.80,73,公民黨,219,108262,0.3351017730,0.9139967412,0.9480889997,57132,235,0.0041132815,0.0000000000,0.0043384973
2008,0.80,130,第三社會黨,219,108262,0.3351017730,0.9139967412,0.9480889997,57132,218,0.0038157250,0.0000000000,0.0040246485
2008,0.80,79,綠黨,219,108262,0.3351017730,0.9139967412,0.9480889997,57132,189,0.0033081285,0.0000000000,0.0034892595
2008,0.80,121,客家黨,219,108262,0.3351017730,0.9139967412,0.9480889997,57132,97,0.0016978226,0.0000000000,0.0017907840
2012,0.95,1,中國國民黨,71,33154,0.0934057575,0.9659693491,0.9703786691,21156,16990,0.8030818680,0.7970708361,0.8275963741
2012,0.95,16,民主進步黨,71,33154,0.0934057575,0.9659693491,0.9703786691,21156,1746,0.0825297788,0.0545235067,0.0850490447
2012,0.95,90,親民黨,71,33154,0.0934057575,0.9659693491,0.9703786691,21156,988,0.0467006996,0.0176007255,0.0481262635
2012,0.95,95,台灣團結聯盟,71,33154,0.0934057575,0.9659693491,0.9703786691,21156,309,0.0146057856,0.0000000000,0.0150516351
2012,0.95,79,綠黨,71,33154,0.0934057575,0.9659693491,0.9703786691,21156,274,0.0129514086,0.0000000000,0.0133467573
2012,0.95,153,人民最大黨,71,33154,0.0934057575,0.9659693491,0.9703786691,21156,247,0.0116751749,0.0000000000,0.0120315659
2012,0.95,133,台灣國民會議,71,33154,0.0934057575,0.9659693491,0.9703786691,21156,191,0.0090281717,0.0000000000,0.0093037615
2012,0.95,74,新黨,71,33154,0.0934057575,0.9659693491,0.9703786691,21156,174,0.0082246171,0.0000000000,0.0084756780
2012,0.95,189,健保免費連線,71,33154,0.0934057575,0.9659693491,0.9703786691,21156,170,0.0080355455,0.0000000000,0.0082808348
2012,0.95,166,台灣主義黨,71,33154,0.0934057575,0.9659693491,0.9703786691,21156,40,0.0018907166,0.0000000000,0.0019484317
2012,0.95,195,中華民國臺灣基本法連線,71,33154,0.0934057575,0.9659693491,0.9703786691,21156,27,0.0012762337,0.0000000000,0.0013151914
2012,0.90,1,中國國民黨,161,80626,0.2271500454,0.9438220661,0.9496169281,52045,40785,0.7836487655,0.7721699897,0.8252261962
2012,0.90,16,民主進步黨,161,80626,0.2271500454,0.9438220661,0.9496169281,52045,4399,0.0845230089,0.0359512726,0.0890074792
2012,0.90,90,親民黨,161,80626,0.2271500454,0.9438220661,0.9496169281,52045,3082,0.0592179844,0.0093036595,0.0623598660
2012,0.90,95,台灣團結聯盟,161,80626,0.2271500454,0.9438220661,0.9496169281,52045,810,0.0155634547,0.0000000000,0.0163891926
2012,0.90,79,綠黨,161,80626,0.2271500454,0.9438220661,0.9496169281,52045,745,0.0143145355,0.0000000000,0.0150740105
2012,0.90,153,人民最大黨,161,80626,0.2271500454,0.9438220661,0.9496169281,52045,603,0.0115861274,0.0000000000,0.0122008434
2012,0.90,133,台灣國民會議,161,80626,0.2271500454,0.9438220661,0.9496169281,52045,501,0.0096262849,0.0000000000,0.0101370191
2012,0.90,189,健保免費連線,161,80626,0.2271500454,0.9438220661,0.9496169281,52045,478,0.0091843597,0.0000000000,0.0096716470
2012,0.90,74,新黨,161,80626,0.2271500454,0.9438220661,0.9496169281,52045,460,0.0088385051,0.0000000000,0.0093074427
2012,0.90,166,台灣主義黨,161,80626,0.2271500454,0.9438220661,0.9496169281,52045,106,0.0020366990,0.0000000000,0.0021447585
2012,0.90,195,中華民國臺灣基本法連線,161,80626,0.2271500454,0.9438220661,0.9496169281,52045,76,0.0014602748,0.0000000000,0.0015377514
2012,0.80,1,中國國民黨,218,111423,0.3139153561,0.9194075419,0.9262281149,72646,56229,0.7740137103,0.7560144353,0.8356620770
2012,0.80,16,民主進步黨,218,111423,0.3139153561,0.9194075419,0.9262281149,72646,6370,0.0876854885,0.0150217891,0.0946694309
2012,0.80,90,親民黨,218,111423,0.3139153561,0.9194075419,0.9262281149,72646,4609,0.0634446494,0.0000000000,0.0684978661
2012,0.80,95,台灣團結聯盟,218,111423,0.3139153561,0.9194075419,0.9262281149,72646,1183,0.0162844479,0.0000000000,0.0175814657
2012,0.80,79,綠黨,218,111423,0.3139153561,0.9194075419,0.9262281149,72646,1061,0.0146050712,0.0000000000,0.0157683306
2012,0.80,153,人民最大黨,218,111423,0.3139153561,0.9194075419,0.9262281149,72646,864,0.0118932908,0.0000000000,0.0128405633
2012,0.80,189,健保免費連線,218,111423,0.3139153561,0.9194075419,0.9262281149,72646,705,0.0097045949,0.0000000000,0.0104775430
2012,0.80,133,台灣國民會議,218,111423,0.3139153561,0.9194075419,0.9262281149,72646,691,0.0095118795,0.0000000000,0.0102694783
2012,0.80,74,新黨,218,111423,0.3139153561,0.9194075419,0.9262281149,72646,653,0.0089887950,0.0000000000,0.0097047313
2012,0.80,166,台灣主義黨,218,111423,0.3139153561,0.9194075419,0.9262281149,72646,178,0.0024502381,0.0000000000,0.0026453938
2012,0.80,195,中華民國臺灣基本法連線,218,111423,0.3139153561,0.9194075419,0.9262281149,72646,103,0.0014178344,0.0000000000,0.0015307616
2016,0.95,1,中國國民黨,76,37889,0.0978778368,0.9673210958,0.9709116857,22641,14039,0.6200697849,0.6086871538,0.6386469481
2016,0.95,16,民主進步黨,76,37889,0.0978778368,0.9673210958,0.9709116857,22641,2672,0.1180159887,0.0915919292,0.1215517234
2016,0.95,90,親民黨,76,37889,0.0978778368,0.9673210958,0.9709116857,22641,1856,0.0819751778,0.0544713430,0.0844311372
2016,0.95,283,信心希望聯盟,76,37889,0.0978778368,0.9673210958,0.9709116857,22641,1375,0.0607305331,0.0325902132,0.0625500074
2016,0.95,267,時代力量,76,37889,0.0978778368,0.9673210958,0.9709116857,22641,573,0.0253080694,0.0000000000,0.0260662940
2016,0.95,268,民國黨,76,37889,0.0978778368,0.9673210958,0.9709116857,22641,538,0.0237622013,0.0000000000,0.0244741120
2016,0.95,74,新黨,76,37889,0.0978778368,0.9673210958,0.9709116857,22641,342,0.0151053399,0.0000000000,0.0155578927
2016,0.95,258,軍公教聯盟黨,76,37889,0.0978778368,0.9673210958,0.9709116857,22641,255,0.0112627534,0.0000000000,0.0116001832
2016,0.95,95,台灣團結聯盟,76,37889,0.0978778368,0.9673210958,0.9709116857,22641,230,0.0101585619,0.0000000000,0.0104629103
2016,0.95,281,綠黨社會民主黨聯盟,76,37889,0.0978778368,0.9673210958,0.9709116857,22641,199,0.0087893644,0.0000000000,0.0090526920
2016,0.95,106,無黨團結聯盟,76,37889,0.0978778368,0.9673210958,0.9709116857,22641,190,0.0083918555,0.0000000000,0.0086432737
2016,0.95,272,自由台灣黨,76,37889,0.0978778368,0.9673210958,0.9709116857,22641,111,0.0049026103,0.0000000000,0.0050494915
2016,0.95,189,健保免費連線,76,37889,0.0978778368,0.9673210958,0.9709116857,22641,65,0.0028708979,0.0000000000,0.0029569094
2016,0.95,113,中華統一促進黨,76,37889,0.0978778368,0.9673210958,0.9709116857,22641,60,0.0026500596,0.0000000000,0.0027294549
2016,0.95,266,和平鴿聯盟黨,76,37889,0.0978778368,0.9673210958,0.9709116857,22641,50,0.0022083830,0.0000000000,0.0022745457
2016,0.95,273,台灣獨立黨,76,37889,0.0978778368,0.9673210958,0.9709116857,22641,39,0.0017225388,0.0000000000,0.0017741457
2016,0.95,259,樹黨,76,37889,0.0978778368,0.9673210958,0.9709116857,22641,34,0.0015017005,0.0000000000,0.0015466911
2016,0.95,134,大愛憲改聯盟,76,37889,0.0978778368,0.9673210958,0.9709116857,22641,13,0.0005741796,0.0000000000,0.0005913819
2016,0.90,1,中國國民黨,167,86414,0.2232314230,0.9456037643,0.9517247740,51557,30568,0.5928971818,0.5722473247,0.6229712601
2016,0.90,16,民主進步黨,167,86414,0.2232314230,0.9456037643,0.9517247740,51557,6468,0.1254533817,0.0810929355,0.1318168709
2016,0.90,90,親民黨,167,86414,0.2232314230,0.9456037643,0.9517247740,51557,5051,0.0979692379,0.0522146878,0.1029386232
2016,0.90,283,信心希望聯盟,167,86414,0.2232314230,0.9456037643,0.9517247740,51557,2809,0.0544833873,0.0065230637,0.0572469991
2016,0.90,268,民國黨,167,86414,0.2232314230,0.9456037643,0.9517247740,51557,1374,0.0266501154,0.0000000000,0.0280019141
2016,0.90,267,時代力量,167,86414,0.2232314230,0.9456037643,0.9517247740,51557,1275,0.0247299106,0.0000000000,0.0259843090
2016,0.90,74,新黨,167,86414,0.2232314230,0.9456037643,0.9517247740,51557,868,0.0168357352,0.0000000000,0.0176897100
2016,0.90,258,軍公教聯盟黨,167,86414,0.2232314230,0.9456037643,0.9517247740,51557,539,0.0104544485,0.0000000000,0.0109847392
2016,0.90,106,無黨團結聯盟,167,86414,0.2232314230,0.9456037643,0.9517247740,51557,526,0.0102023004,0.0000000000,0.0107198012
2016,0.90,281,綠黨社會民主黨聯盟,167,86414,0.2232314230,0.9456037643,0.9517247740,51557,515,0.0099889443,0.0000000000,0.0104956228
2016,0.90,95,台灣團結聯盟,167,86414,0.2232314230,0.9456037643,0.9517247740,51557,470,0.0091161239,0.0000000000,0.0095785296
2016,0.90,272,自由台灣黨,167,86414,0.2232314230,0.9456037643,0.9517247740,51557,248,0.0048102101,0.0000000000,0.0050542028
2016,0.90,113,中華統一促進黨,167,86414,0.2232314230,0.9456037643,0.9517247740,51557,243,0.0047132300,0.0000000000,0.0049523036
2016,0.90,189,健保免費連線,167,86414,0.2232314230,0.9456037643,0.9517247740,51557,204,0.0039567857,0.0000000000,0.0041574894
2016,0.90,266,和平鴿聯盟黨,167,86414,0.2232314230,0.9456037643,0.9517247740,51557,141,0.0027348372,0.0000000000,0.0028735589
2016,0.90,259,樹黨,167,86414,0.2232314230,0.9456037643,0.9517247740,51557,104,0.0020171849,0.0000000000,0.0021195044
2016,0.90,273,台灣獨立黨,167,86414,0.2232314230,0.9456037643,0.9517247740,51557,100,0.0019396008,0.0000000000,0.0020379850
2016,0.90,134,大愛憲改聯盟,167,86414,0.2232314230,0.9456037643,0.9517247740,51557,54,0.0010473844,0.0000000000,0.0011005119
2016,0.80,1,中國國民黨,223,117591,0.3037702949,0.9198942354,0.9284630363,70851,40980,0.5783969175,0.5459129055,0.6229617064
2016,0.80,16,民主進步黨,223,117591,0.3037702949,0.9198942354,0.9284630363,70851,9103,0.1284808965,0.0613313946,0.1383801956
2016,0.80,90,親民黨,223,117591,0.3037702949,0.9198942354,0.9284630363,70851,7345,0.1036682616,0.0346069759,0.1116557768
2016,0.80,283,信心希望聯盟,223,117591,0.3037702949,0.9198942354,0.9284630363,70851,3800,0.0536336820,0.0000000000,0.0577660928
2016,0.80,267,時代力量,223,117591,0.3037702949,0.9198942354,0.9284630363,70851,1953,0.0275648897,0.0000000000,0.0296887314
2016,0.80,268,民國黨,223,117591,0.3037702949,0.9198942354,0.9284630363,70851,1913,0.0270003246,0.0000000000,0.0290806673
2016,0.80,74,新黨,223,117591,0.3037702949,0.9198942354,0.9284630363,70851,1227,0.0173180336,0.0000000000,0.0186523673
2016,0.80,258,軍公教聯盟黨,223,117591,0.3037702949,0.9198942354,0.9284630363,70851,745,0.0105150245,0.0000000000,0.0113251945
2016,0.80,281,綠黨社會民主黨聯盟,223,117591,0.3037702949,0.9198942354,0.9284630363,70851,725,0.0102327420,0.0000000000,0.0110211624
2016,0.80,95,台灣團結聯盟,223,117591,0.3037702949,0.9198942354,0.9284630363,70851,718,0.0101339431,0.0000000000,0.0109147512
2016,0.80,106,無黨團結聯盟,223,117591,0.3037702949,0.9198942354,0.9284630363,70851,711,0.0100351442,0.0000000000,0.0108083400
2016,0.80,272,自由台灣黨,223,117591,0.3037702949,0.9198942354,0.9284630363,70851,371,0.0052363411,0.0000000000,0.0056397949
2016,0.80,113,中華統一促進黨,223,117591,0.3037702949,0.9198942354,0.9284630363,70851,355,0.0050105150,0.0000000000,0.0053965692
2016,0.80,189,健保免費連線,223,117591,0.3037702949,0.9198942354,0.9284630363,70851,292,0.0041213250,0.0000000000,0.0044388682
2016,0.80,266,和平鴿聯盟黨,223,117591,0.3037702949,0.9198942354,0.9284630363,70851,225,0.0031756785,0.0000000000,0.0034203608
2016,0.80,259,樹黨,223,117591,0.3037702949,0.9198942354,0.9284630363,70851,155,0.0021876897,0.0000000000,0.0023562485
2016,0.80,273,台灣獨立黨,223,117591,0.3037702949,0.9198942354,0.9284630363,70851,153,0.0021594614,0.0000000000,0.0023258453
2016,0.80,134,大愛憲改聯盟,223,117591,0.3037702949,0.9198942354,0.9284630363,70851,80,0.0011291301,0.0000000000,0.0012161283
2020,0.95,1,中國國民黨,87,45353,0.1092980325,0.9664997336,0.9711590136,31834,22885,0.7188854684,0.7105370720,0.7402345634
2020,0.95,16,民主進步黨,87,45353,0.1092980325,0.9664997336,0.9711590136,31834,3942,0.1238298674,0.0978098125,0.1275073039
2020,0.95,350,台灣民眾黨,87,45353,0.1092980325,0.9664997336,0.9711590136,31834,1112,0.0349312056,0.0062710834,0.0359685748
2020,0.95,267,時代力量,87,45353,0.1092980325,0.9664997336,0.9711590136,31834,1022,0.0321040397,0.0033599578,0.0330574491
2020,0.95,90,親民黨,87,45353,0.1092980325,0.9664997336,0.9711590136,31834,831,0.0261041654,0.0000000000,0.0268793936
2020,0.95,346,安定力量,87,45353,0.1092980325,0.9664997336,0.9711590136,31834,453,0.0142300685,0.0000000000,0.0146526658
2020,0.95,303,台灣基進,87,45353,0.1092980325,0.9664997336,0.9711590136,31834,336,0.0105547528,0.0000000000,0.0108682025
2020,0.95,79,綠黨,87,45353,0.1092980325,0.9664997336,0.9711590136,31834,279,0.0087642144,0.0000000000,0.0090244895
2020,0.95,348,喜樂島聯盟,87,45353,0.1092980325,0.9664997336,0.9711590136,31834,165,0.0051831375,0.0000000000,0.0053370637
2020,0.95,113,中華統一促進黨,87,45353,0.1092980325,0.9664997336,0.9711590136,31834,161,0.0050574857,0.0000000000,0.0052076803
2020,0.95,74,新黨,87,45353,0.1092980325,0.9664997336,0.9711590136,31834,155,0.0048690080,0.0000000000,0.0050136053
2020,0.95,95,台灣團結聯盟,87,45353,0.1092980325,0.9664997336,0.9711590136,31834,121,0.0038009675,0.0000000000,0.0039138467
2020,0.95,342,合一行動聯盟,87,45353,0.1092980325,0.9664997336,0.9711590136,31834,83,0.0026072752,0.0000000000,0.0026847048
2020,0.95,352,一邊一國行動黨,87,45353,0.1092980325,0.9664997336,0.9711590136,31834,82,0.0025758623,0.0000000000,0.0026523589
2020,0.95,341,國會政黨聯盟,87,45353,0.1092980325,0.9664997336,0.9711590136,31834,65,0.0020418421,0.0000000000,0.0021024796
2020,0.95,319,宗教聯盟,87,45353,0.1092980325,0.9664997336,0.9711590136,31834,60,0.0018847773,0.0000000000,0.0019407504
2020,0.95,15,勞動黨,87,45353,0.1092980325,0.9664997336,0.9711590136,31834,48,0.0015078218,0.0000000000,0.0015526004
2020,0.95,355,台澎黨,87,45353,0.1092980325,0.9664997336,0.9711590136,31834,22,0.0006910850,0.0000000000,0.0007116085
2020,0.95,356,台灣維新,87,45353,0.1092980325,0.9664997336,0.9711590136,31834,12,0.0003769555,0.0000000000,0.0003881501
2020,0.90,1,中國國民黨,170,89551,0.2158125837,0.9480509856,0.9536828075,62904,45019,0.7156778583,0.7018692804,0.7504359444
2020,0.90,16,民主進步黨,170,89551,0.2158125837,0.9480509856,0.9536828075,62904,7855,0.1248728221,0.0823708145,0.1309374785
2020,0.90,350,台灣民眾黨,170,89551,0.2158125837,0.9480509856,0.9536828075,62904,2215,0.0352123871,0.0000000000,0.0369225353
2020,0.90,267,時代力量,170,89551,0.2158125837,0.9480509856,0.9536828075,62904,1957,0.0311108991,0.0000000000,0.0326218517
2020,0.90,90,親民黨,170,89551,0.2158125837,0.9480509856,0.9536828075,62904,1703,0.0270730001,0.0000000000,0.0283878454
2020,0.90,346,安定力量,170,89551,0.2158125837,0.9480509856,0.9536828075,62904,861,0.0136875238,0.0000000000,0.0143522812
2020,0.90,303,台灣基進,170,89551,0.2158125837,0.9480509856,0.9536828075,62904,661,0.0105080758,0.0000000000,0.0110184180
2020,0.90,79,綠黨,170,89551,0.2158125837,0.9480509856,0.9536828075,62904,581,0.0092362966,0.0000000000,0.0096848727
2020,0.90,74,新黨,170,89551,0.2158125837,0.9480509856,0.9536828075,62904,350,0.0055640341,0.0000000000,0.0058342607
2020,0.90,113,中華統一促進黨,170,89551,0.2158125837,0.9480509856,0.9536828075,62904,322,0.0051189114,0.0000000000,0.0053675198
2020,0.90,95,台灣團結聯盟,170,89551,0.2158125837,0.9480509856,0.9536828075,62904,296,0.0047055831,0.0000000000,0.0049341176
2020,0.90,348,喜樂島聯盟,170,89551,0.2158125837,0.9480509856,0.9536828075,62904,271,0.0043081521,0.0000000000,0.0045173847
2020,0.90,352,一邊一國行動黨,170,89551,0.2158125837,0.9480509856,0.9536828075,62904,207,0.0032907287,0.0000000000,0.0034505484
2020,0.90,342,合一行動聯盟,170,89551,0.2158125837,0.9480509856,0.9536828075,62904,147,0.0023368943,0.0000000000,0.0024503895
2020,0.90,341,國會政黨聯盟,170,89551,0.2158125837,0.9480509856,0.9536828075,62904,141,0.0022415109,0.0000000000,0.0023503736
2020,0.90,319,宗教聯盟,170,89551,0.2158125837,0.9480509856,0.9536828075,62904,130,0.0020666412,0.0000000000,0.0021670111
2020,0.90,15,勞動黨,170,89551,0.2158125837,0.9480509856,0.9536828075,62904,111,0.0017645937,0.0000000000,0.0018502941
2020,0.90,355,台澎黨,170,89551,0.2158125837,0.9480509856,0.9536828075,62904,48,0.0007630675,0.0000000000,0.0008001272
2020,0.90,356,台灣維新,170,89551,0.2158125837,0.9480509856,0.9536828075,62904,29,0.0004610200,0.0000000000,0.0004834102
2020,0.80,1,中國國民黨,231,122240,0.2945911295,0.9232907339,0.9300901814,86608,61547,0.7106387401,0.6888890285,0.7640535878
2020,0.80,16,民主進步黨,231,122240,0.2945911295,0.9232907339,0.9300901814,86608,10855,0.1253348420,0.0595910209,0.1347555802
2020,0.80,350,台灣民眾黨,231,122240,0.2945911295,0.9232907339,0.9300901814,86608,3095,0.0357357288,0.0000000000,0.0384217891
2020,0.80,267,時代力量,231,122240,0.2945911295,0.9232907339,0.9300901814,86608,2646,0.0305514502,0.0000000000,0.0328478365
2020,0.80,90,親民黨,231,122240,0.2945911295,0.9232907339,0.9300901814,86608,2408,0.0278034362,0.0000000000,0.0298932692
2020,0.80,346,安定力量,231,122240,0.2945911295,0.9232907339,0.9300901814,86608,1291,0.0149062442,0.0000000000,0.0160266655
2020,0.80,303,台灣基進,231,122240,0.2945911295,0.9232907339,0.9300901814,86608,966,0.0111537040,0.0000000000,0.0119920673
2020,0.80,79,綠黨,231,122240,0.2945911295,0.9232907339,0.9300901814,86608,829,0.0095718640,0.0000000000,0.0102913290
2020,0.80,113,中華統一促進黨,231,122240,0.2945911295,0.9232907339,0.9300901814,86608,491,0.0056692222,0.0000000000,0.0060953468
2020,0.80,74,新黨,231,122240,0.2945911295,0.9232907339,0.9300901814,86608,487,0.0056230371,0.0000000000,0.0060456902
2020,0.80,95,台灣團結聯盟,231,122240,0.2945911295,0.9232907339,0.9300901814,86608,397,0.0045838722,0.0000000000,0.0049284169
2020,0.80,348,喜樂島聯盟,231,122240,0.2945911295,0.9232907339,0.9300901814,86608,340,0.0039257343,0.0000000000,0.0042208104
2020,0.80,352,一邊一國行動黨,231,122240,0.2945911295,0.9232907339,0.9300901814,86608,292,0.0033715130,0.0000000000,0.0036249313
2020,0.80,342,合一行動聯盟,231,122240,0.2945911295,0.9232907339,0.9300901814,86608,256,0.0029558470,0.0000000000,0.0031780220
2020,0.80,341,國會政黨聯盟,231,122240,0.2945911295,0.9232907339,0.9300901814,86608,220,0.0025401810,0.0000000000,0.0027311126
2020,0.80,319,宗教聯盟,231,122240,0.2945911295,0.9232907339,0.9300901814,86608,190,0.0021937927,0.0000000000,0.0023586882
2020,0.80,15,勞動黨,231,122240,0.2945911295,0.9232907339,0.9300901814,86608,160,0.0018474044,0.0000000000,0.0019862637
2020,0.80,356,台灣維新,231,122240,0.2945911295,0.9232907339,0.9300901814,86608,69,0.0007966931,0.0000000000,0.0008565762
2020,0.80,355,台澎黨,231,122240,0.2945911295,0.9232907339,0.9300901814,86608,69,0.0007966931,0.0000000000,0.0008565762
2024,0.95,1,中國國民黨,90,48091,0.1097466910,0.9663424828,0.9704767780,32635,22225,0.6810173127,0.6713134260,0.7017347845
2024,0.95,350,台灣民眾黨,90,48091,0.1097466910,0.9663424828,0.9704767780,32635,4597,0.1408610388,0.1147248644,0.1451462229
2024,0.95,16,民主進步黨,90,48091,0.1097466910,0.9663424828,0.9704767780,32635,3946,0.1209131301,0.0941701132,0.1245914718
2024,0.95,267,時代力量,90,48091,0.1097466910,0.9663424828,0.9704767780,32635,445,0.0136356672,0.0000000000,0.0140504827
2024,0.95,366,臺灣雙語無法黨,90,48091,0.1097466910,0.9663424828,0.9704767780,32635,243,0.0074459936,0.0000000000,0.0076725108
2024,0.95,357,小民參政歐巴桑聯盟,90,48091,0.1097466910,0.9663424828,0.9704767780,32635,210,0.0064348093,0.0000000000,0.0066305649
2024,0.95,79,台灣綠黨,90,48091,0.1097466910,0.9663424828,0.9704767780,32635,196,0.0060058220,0.0000000000,0.0061885272
2024,0.95,90,親民黨,90,48091,0.1097466910,0.9663424828,0.9704767780,32635,175,0.0053623410,0.0000000000,0.0055254707
2024,0.95,382,司法改革黨,90,48091,0.1097466910,0.9663424828,0.9704767780,32635,141,0.0043205148,0.0000000000,0.0044519507
2024,0.95,95,台灣團結聯盟,90,48091,0.1097466910,0.9663424828,0.9704767780,32635,116,0.0035544661,0.0000000000,0.0036625978
2024,0.95,303,台灣基進,90,48091,0.1097466910,0.9663424828,0.9704767780,32635,87,0.0026658495,0.0000000000,0.0027469483
2024,0.95,74,新黨,90,48091,0.1097466910,0.9663424828,0.9704767780,32635,67,0.0020530106,0.0000000000,0.0021154659
2024,0.95,113,中華統一促進黨,90,48091,0.1097466910,0.9663424828,0.9704767780,32635,62,0.0018998008,0.0000000000,0.0019575953
2024,0.95,195,制度救世島,90,48091,0.1097466910,0.9663424828,0.9704767780,32635,54,0.0016546652,0.0000000000,0.0017050024
2024,0.95,153,人民最大黨,90,48091,0.1097466910,0.9663424828,0.9704767780,32635,52,0.0015933813,0.0000000000,0.0016418542
2024,0.95,356,台灣維新,90,48091,0.1097466910,0.9663424828,0.9704767780,32635,19,0.0005821970,0.0000000000,0.0005999083
2024,0.90,1,中國國民黨,172,90837,0.2072957554,0.9486397577,0.9544996060,60870,41088,0.6750123213,0.6595203637,0.7071897328
2024,0.90,350,台灣民眾黨,172,90837,0.2072957554,0.9486397577,0.9544996060,60870,9017,0.1481353705,0.1075275210,0.1551968901
2024,0.90,16,民主進步黨,172,90837,0.2072957554,0.9486397577,0.9544996060,60870,7191,0.1181370133,0.0760991611,0.1237685302
2024,0.90,267,時代力量,172,90837,0.2072957554,0.9486397577,0.9544996060,60870,804,0.0132084771,0.0000000000,0.0138381169
2024,0.90,366,臺灣雙語無法黨,172,90837,0.2072957554,0.9486397577,0.9544996060,60870,445,0.0073106621,0.0000000000,0.0076591567
2024,0.90,79,台灣綠黨,172,90837,0.2072957554,0.9486397577,0.9544996060,60870,400,0.0065713816,0.0000000000,0.0068846352
2024,0.90,90,親民黨,172,90837,0.2072957554,0.9486397577,0.9544996060,60870,391,0.0064235255,0.0000000000,0.0067297310
2024,0.90,357,小民參政歐巴桑聯盟,172,90837,0.2072957554,0.9486397577,0.9544996060,60870,326,0.0053556760,0.0000000000,0.0056109777
2024,0.90,382,司法改革黨,172,90837,0.2072957554,0.9486397577,0.9544996060,60870,277,0.0045506818,0.0000000000,0.0047676099
2024,0.90,95,台灣團結聯盟,172,90837,0.2072957554,0.9486397577,0.9544996060,60870,209,0.0034335469,0.0000000000,0.0035972219
2024,0.90,303,台灣基進,172,90837,0.2072957554,0.9486397577,0.9544996060,60870,164,0.0026942665,0.0000000000,0.0028227005
2024,0.90,113,中華統一促進黨,172,90837,0.2072957554,0.9486397577,0.9544996060,60870,152,0.0024971250,0.0000000000,0.0026161614
2024,0.90,74,新黨,172,90837,0.2072957554,0.9486397577,0.9544996060,60870,149,0.0024478397,0.0000000000,0.0025645266
2024,0.90,153,人民最大黨,172,90837,0.2072957554,0.9486397577,0.9544996060,60870,109,0.0017907015,0.0000000000,0.0018760631
2024,0.90,195,制度救世島,172,90837,0.2072957554,0.9486397577,0.9544996060,60870,108,0.0017742730,0.0000000000,0.0018588515
2024,0.90,356,台灣維新,172,90837,0.2072957554,0.9486397577,0.9544996060,60870,40,0.0006571382,0.0000000000,0.0006884635
2024,0.80,1,中國國民黨,237,124365,0.2838087631,0.9236030657,0.9306195097,83583,56153,0.6718232176,0.6473566490,0.7219096641
2024,0.80,350,台灣民眾黨,237,124365,0.2838087631,0.9236030657,0.9306195097,83583,12381,0.1481282079,0.0846185973,0.1591716124
2024,0.80,16,民主進步黨,237,124365,0.2838087631,0.9236030657,0.9306195097,83583,10009,0.1197492313,0.0541238825,0.1286768975
2024,0.80,267,時代力量,237,124365,0.2838087631,0.9236030657,0.9306195097,83583,1110,0.0132802125,0.0000000000,0.0142702924
2024,0.80,79,台灣綠黨,237,124365,0.2838087631,0.9236030657,0.9306195097,83583,644,0.0077049161,0.0000000000,0.0082793408
2024,0.80,90,親民黨,237,124365,0.2838087631,0.9236030657,0.9306195097,83583,602,0.0072024215,0.0000000000,0.0077393838
2024,0.80,366,臺灣雙語無法黨,237,124365,0.2838087631,0.9236030657,0.9306195097,83583,571,0.0068315327,0.0000000000,0.0073408441
2024,0.80,357,小民參政歐巴桑聯盟,237,124365,0.2838087631,0.9236030657,0.9306195097,83583,428,0.0051206585,0.0000000000,0.0055024190
2024,0.80,382,司法改革黨,237,124365,0.2838087631,0.9236030657,0.9306195097,83583,367,0.0043908450,0.0000000000,0.0047181958
2024,0.80,95,台灣團結聯盟,237,124365,0.2838087631,0.9236030657,0.9306195097,83583,293,0.0035054975,0.0000000000,0.0037668429
2024,0.80,113,中華統一促進黨,237,124365,0.2838087631,0.9236030657,0.9306195097,83583,236,0.0028235407,0.0000000000,0.0030340441
2024,0.80,303,台灣基進,237,124365,0.2838087631,0.9236030657,0.9306195097,83583,233,0.0027876482,0.0000000000,0.0029954758
2024,0.80,74,新黨,237,124365,0.2838087631,0.9236030657,0.9306195097,83583,207,0.0024765802,0.0000000000,0.0026612167
2024,0.80,195,制度救世島,237,124365,0.2838087631,0.9236030657,0.9306195097,83583,152,0.0018185516,0.0000000000,0.0019541301
2024,0.80,153,人民最大黨,237,124365,0.2838087631,0.9236030657,0.9306195097,83583,139,0.0016630176,0.0000000000,0.0017870006
2024,0.80,356,台灣維新,237,124365,0.2838087631,0.9236030657,0.9306195097,83583,58,0.0006939210,0.0000000000,0.0007456549
